<metadata xml:lang="en"><Esri><CreaDate>20240414</CreaDate><CreaTime>12145800</CreaTime><ArcGISFormat>1.0</ArcGISFormat><SyncOnce>FALSE</SyncOnce><DataProperties><itemProps><itemName Sync="TRUE">CrimesbyCT</itemName><imsContentType Sync="TRUE">002</imsContentType><itemLocation><linkage Sync="TRUE">file://\\DESKTOP-NJ54DP1\C$\ENVSOCTY 4GA3 Group Project\Census Crimes Shapefile\CrimesbyCT.shp</linkage><protocol Sync="TRUE">Local Area Network</protocol></itemLocation><itemSize Sync="TRUE">0.000</itemSize></itemProps><coordRef><type Sync="TRUE">Geographic</type><geogcsn Sync="TRUE">GCS_WGS_1984</geogcsn><csUnits Sync="TRUE">Angular Unit: Degree (0.017453)</csUnits><peXml Sync="TRUE">&lt;GeographicCoordinateSystem xsi:type='typens:GeographicCoordinateSystem' xmlns:xsi='http://www.w3.org/2001/XMLSchema-instance' xmlns:xs='http://www.w3.org/2001/XMLSchema' xmlns:typens='http://www.esri.com/schemas/ArcGIS/3.2.0'&gt;&lt;WKT&gt;GEOGCS[&amp;quot;GCS_WGS_1984&amp;quot;,DATUM[&amp;quot;D_WGS_1984&amp;quot;,SPHEROID[&amp;quot;WGS_1984&amp;quot;,6378137.0,298.257223563]],PRIMEM[&amp;quot;Greenwich&amp;quot;,0.0],UNIT[&amp;quot;Degree&amp;quot;,0.0174532925199433],AUTHORITY[&amp;quot;EPSG&amp;quot;,4326]]&lt;/WKT&gt;&lt;XOrigin&gt;-400&lt;/XOrigin&gt;&lt;YOrigin&gt;-400&lt;/YOrigin&gt;&lt;XYScale&gt;11258999068426.238&lt;/XYScale&gt;&lt;ZOrigin&gt;-100000&lt;/ZOrigin&gt;&lt;ZScale&gt;10000&lt;/ZScale&gt;&lt;MOrigin&gt;-100000&lt;/MOrigin&gt;&lt;MScale&gt;10000&lt;/MScale&gt;&lt;XYTolerance&gt;8.983152841195215e-09&lt;/XYTolerance&gt;&lt;ZTolerance&gt;0.001&lt;/ZTolerance&gt;&lt;MTolerance&gt;0.001&lt;/MTolerance&gt;&lt;HighPrecision&gt;true&lt;/HighPrecision&gt;&lt;LeftLongitude&gt;-180&lt;/LeftLongitude&gt;&lt;WKID&gt;4326&lt;/WKID&gt;&lt;LatestWKID&gt;4326&lt;/LatestWKID&gt;&lt;/GeographicCoordinateSystem&gt;</peXml></coordRef><lineage><Process ToolSource="c:\program files\arcgis\pro\Resources\ArcToolbox\toolboxes\Analysis Tools.tbx\ApportionPolygon" Date="20240414" Time="121602">ApportionPolygon "C:\ENVSOCTY 4GA3 Group Project\ENVSOCTY 4GA3 Group Project\ENVSOCTY 4GA3 Group Project.gdb\CrimeBuffer" Robbery;Auto_Theft;Break_and;Theft_Over "C:/ENVSOCTY 4GA3 Group Project/ENVSOCTY 4GA3 Group Project/CensusData.shp" "C:\ENVSOCTY 4GA3 Group Project\ENVSOCTY 4GA3 Group Project\ENVSOCTY 4GA3 Group Project.gdb\CrimebyCT" Area # # MAINTAIN_GEOMETRIES</Process><Process ToolSource="c:\program files\arcgis\pro\Resources\ArcToolbox\toolboxes\Data Management Tools.tbx\AddField" Date="20240414" Time="121602">AddField "C:\ENVSOCTY 4GA3 Group Project\ENVSOCTY 4GA3 Group Project\ENVSOCTY 4GA3 Group Project.gdb\CrimebyCT" Income "Long (32-bit integer)" # # # # NULLABLE NON_REQUIRED #</Process><Process ToolSource="c:\program files\arcgis\pro\Resources\ArcToolbox\toolboxes\Data Management Tools.tbx\AddField" Date="20240414" Time="121602">AddField "C:\ENVSOCTY 4GA3 Group Project\ENVSOCTY 4GA3 Group Project\ENVSOCTY 4GA3 Group Project.gdb\CrimebyCT" Population "Long (32-bit integer)" # # # # NULLABLE NON_REQUIRED #</Process><Process ToolSource="c:\program files\arcgis\pro\Resources\ArcToolbox\toolboxes\Data Management Tools.tbx\AddField" Date="20240414" Time="121602">AddField "C:\ENVSOCTY 4GA3 Group Project\ENVSOCTY 4GA3 Group Project\ENVSOCTY 4GA3 Group Project.gdb\CrimebyCT" Unemployment "Double (64-bit floating point)" # # # # NULLABLE NON_REQUIRED #</Process><Process ToolSource="c:\program files\arcgis\pro\Resources\ArcToolbox\toolboxes\Data Management Tools.tbx\DeleteField" Date="20240414" Time="121603">DeleteField "C:\ENVSOCTY 4GA3 Group Project\ENVSOCTY 4GA3 Group Project\ENVSOCTY 4GA3 Group Project.gdb\CrimebyCT" vAtiohi2_ "Delete Fields"</Process><Process ToolSource="c:\program files\arcgis\pro\Resources\ArcToolbox\toolboxes\Data Management Tools.tbx\DeleteField" Date="20240414" Time="121603">DeleteField "C:\ENVSOCTY 4GA3 Group Project\ENVSOCTY 4GA3 Group Project\ENVSOCTY 4GA3 Group Project.gdb\CrimebyCT" v_CA1Ur "Delete Fields"</Process><Process ToolSource="c:\program files\arcgis\pro\Resources\ArcToolbox\toolboxes\Data Management Tools.tbx\DeleteField" Date="20240414" Time="121603">DeleteField "C:\ENVSOCTY 4GA3 Group Project\ENVSOCTY 4GA3 Group Project\ENVSOCTY 4GA3 Group Project.gdb\CrimebyCT" v_CA1P2 "Delete Fields"</Process><Process ToolSource="c:\program files\arcgis\pro\Resources\ArcToolbox\toolboxes\Conversion Tools.tbx\ExportFeatures" Date="20240414" Time="121603">ExportFeatures "C:\ENVSOCTY 4GA3 Group Project\ENVSOCTY 4GA3 Group Project\ENVSOCTY 4GA3 Group Project.gdb\CrimebyCT" "C:\ENVSOCTY 4GA3 Group Project\Census Crimes Shapefile\CrimesbyCT.shp" # NOT_USE_ALIAS "ShapeAr "ShapeAr" true true false 8 Double 0 0,First,#,C:\ENVSOCTY 4GA3 Group Project\ENVSOCTY 4GA3 Group Project\ENVSOCTY 4GA3 Group Project.gdb\CrimebyCT,ShapeAr,-1,-1;Type "Type" true true false 80 Text 0 0,First,#,C:\ENVSOCTY 4GA3 Group Project\ENVSOCTY 4GA3 Group Project\ENVSOCTY 4GA3 Group Project.gdb\CrimebyCT,Type,0,79;Hoshlds "Hoshlds" true true false 4 Long 0 0,First,#,C:\ENVSOCTY 4GA3 Group Project\ENVSOCTY 4GA3 Group Project\ENVSOCTY 4GA3 Group Project.gdb\CrimebyCT,Hoshlds,-1,-1;AP_Cns_ "AP_Cns_" true true false 4 Long 0 0,First,#,C:\ENVSOCTY 4GA3 Group Project\ENVSOCTY 4GA3 Group Project\ENVSOCTY 4GA3 Group Project.gdb\CrimebyCT,AP_Cns_,-1,-1;PR_UID "PR_UID" true true false 80 Text 0 0,First,#,C:\ENVSOCTY 4GA3 Group Project\ENVSOCTY 4GA3 Group Project\ENVSOCTY 4GA3 Group Project.gdb\CrimebyCT,PR_UID,0,79;Dwllngs "Dwllngs" true true false 4 Long 0 0,First,#,C:\ENVSOCTY 4GA3 Group Project\ENVSOCTY 4GA3 Group Project\ENVSOCTY 4GA3 Group Project.gdb\CrimebyCT,Dwllngs,-1,-1;GeoUID "GeoUID" true true false 80 Text 0 0,First,#,C:\ENVSOCTY 4GA3 Group Project\ENVSOCTY 4GA3 Group Project\ENVSOCTY 4GA3 Group Project.gdb\CrimebyCT,GeoUID,0,79;Popultn "Popultn" true true false 4 Long 0 0,First,#,C:\ENVSOCTY 4GA3 Group Project\ENVSOCTY 4GA3 Group Project\ENVSOCTY 4GA3 Group Project.gdb\CrimebyCT,Popultn,-1,-1;CMA_UID "CMA_UID" true true false 80 Text 0 0,First,#,C:\ENVSOCTY 4GA3 Group Project\ENVSOCTY 4GA3 Group Project\ENVSOCTY 4GA3 Group Project.gdb\CrimebyCT,CMA_UID,0,79;CSD_UID "CSD_UID" true true false 80 Text 0 0,First,#,C:\ENVSOCTY 4GA3 Group Project\ENVSOCTY 4GA3 Group Project\ENVSOCTY 4GA3 Group Project.gdb\CrimebyCT,CSD_UID,0,79;CD_UID "CD_UID" true true false 80 Text 0 0,First,#,C:\ENVSOCTY 4GA3 Group Project\ENVSOCTY 4GA3 Group Project\ENVSOCTY 4GA3 Group Project.gdb\CrimebyCT,CD_UID,0,79;ReginNm "ReginNm" true true false 80 Text 0 0,First,#,C:\ENVSOCTY 4GA3 Group Project\ENVSOCTY 4GA3 Group Project\ENVSOCTY 4GA3 Group Project.gdb\CrimebyCT,ReginNm,0,79;Ar_skm_ "Ar_skm_" true true false 8 Double 0 0,First,#,C:\ENVSOCTY 4GA3 Group Project\ENVSOCTY 4GA3 Group Project\ENVSOCTY 4GA3 Group Project.gdb\CrimebyCT,Ar_skm_,-1,-1;Robbery "Robbery" true true false 8 Double 0 0,First,#,C:\ENVSOCTY 4GA3 Group Project\ENVSOCTY 4GA3 Group Project\ENVSOCTY 4GA3 Group Project.gdb\CrimebyCT,Robbery,-1,-1;Auto_Theft "Auto_Theft" true true false 8 Double 0 0,First,#,C:\ENVSOCTY 4GA3 Group Project\ENVSOCTY 4GA3 Group Project\ENVSOCTY 4GA3 Group Project.gdb\CrimebyCT,Auto_Theft,-1,-1;Break_and "Break_and" true true false 8 Double 0 0,First,#,C:\ENVSOCTY 4GA3 Group Project\ENVSOCTY 4GA3 Group Project\ENVSOCTY 4GA3 Group Project.gdb\CrimebyCT,Break_and,-1,-1;Theft_Over "Theft_Over" true true false 8 Double 0 0,First,#,C:\ENVSOCTY 4GA3 Group Project\ENVSOCTY 4GA3 Group Project\ENVSOCTY 4GA3 Group Project.gdb\CrimebyCT,Theft_Over,-1,-1;Shape_Length "Shape_Length" false true true 8 Double 0 0,First,#,C:\ENVSOCTY 4GA3 Group Project\ENVSOCTY 4GA3 Group Project\ENVSOCTY 4GA3 Group Project.gdb\CrimebyCT,Shape_Length,-1,-1;Shape_Area "Shape_Area" false true true 8 Double 0 0,First,#,C:\ENVSOCTY 4GA3 Group Project\ENVSOCTY 4GA3 Group Project\ENVSOCTY 4GA3 Group Project.gdb\CrimebyCT,Shape_Area,-1,-1;Income "Income" true true false 4 Long 0 0,First,#,C:\ENVSOCTY 4GA3 Group Project\ENVSOCTY 4GA3 Group Project\ENVSOCTY 4GA3 Group Project.gdb\CrimebyCT,Income,-1,-1;Population "Population" true true false 4 Long 0 0,First,#,C:\ENVSOCTY 4GA3 Group Project\ENVSOCTY 4GA3 Group Project\ENVSOCTY 4GA3 Group Project.gdb\CrimebyCT,Population,-1,-1;Unemployment "Unemployment" true true false 8 Double 0 0,First,#,C:\ENVSOCTY 4GA3 Group Project\ENVSOCTY 4GA3 Group Project\ENVSOCTY 4GA3 Group Project.gdb\CrimebyCT,Unemployment,-1,-1" #</Process></lineage></DataProperties><SyncDate>20240414</SyncDate><SyncTime>12160300</SyncTime><ModDate>20240414</ModDate><ModTime>12160300</ModTime></Esri><dataIdInfo><envirDesc Sync="TRUE">Microsoft Windows 10 Version 10.0 (Build 22631) ; Esri ArcGIS 13.2.2.49743</envirDesc><dataLang><languageCode value="eng" Sync="TRUE"></languageCode><countryCode value="CAN" Sync="TRUE"></countryCode></dataLang><idCitation><resTitle Sync="TRUE">CrimesbyCT</resTitle><presForm><PresFormCd value="005" Sync="TRUE"></PresFormCd></presForm></idCitation><spatRpType><SpatRepTypCd value="001" Sync="TRUE"></SpatRepTypCd></spatRpType></dataIdInfo><mdLang><languageCode value="eng" Sync="TRUE"></languageCode><countryCode value="CAN" Sync="TRUE"></countryCode></mdLang><distInfo><distFormat><formatName Sync="TRUE">Shapefile</formatName></distFormat><distTranOps><transSize Sync="TRUE">0.000</transSize></distTranOps></distInfo><mdHrLv><ScopeCd value="005" Sync="TRUE"></ScopeCd></mdHrLv><mdHrLvName Sync="TRUE">dataset</mdHrLvName><refSysInfo><RefSystem><refSysID><identCode code="4326" Sync="TRUE"></identCode><idCodeSpace Sync="TRUE">EPSG</idCodeSpace><idVersion Sync="TRUE">6.2(3.0.1)</idVersion></refSysID></RefSystem></refSysInfo><spatRepInfo><VectSpatRep><geometObjs Name="CrimesbyCT"><geoObjTyp><GeoObjTypCd value="002" Sync="TRUE"></GeoObjTypCd></geoObjTyp><geoObjCnt Sync="TRUE">0</geoObjCnt></geometObjs><topLvl><TopoLevCd value="001" Sync="TRUE"></TopoLevCd></topLvl></VectSpatRep></spatRepInfo><spdoinfo><ptvctinf><esriterm Name="CrimesbyCT"><efeatyp Sync="TRUE">Simple</efeatyp><efeageom code="4" Sync="TRUE"></efeageom><esritopo Sync="TRUE">FALSE</esritopo><efeacnt Sync="TRUE">0</efeacnt><spindex Sync="TRUE">FALSE</spindex><linrefer Sync="TRUE">FALSE</linrefer></esriterm></ptvctinf></spdoinfo><eainfo><detailed Name="CrimesbyCT"><enttyp><enttypl Sync="TRUE">CrimesbyCT</enttypl><enttypt Sync="TRUE">Feature Class</enttypt><enttypc Sync="TRUE">0</enttypc></enttyp><attr><attrlabl Sync="TRUE">FID</attrlabl><attalias Sync="TRUE">FID</attalias><attrtype Sync="TRUE">OID</attrtype><attwidth Sync="TRUE">4</attwidth><atprecis Sync="TRUE">0</atprecis><attscale Sync="TRUE">0</attscale><attrdef Sync="TRUE">Internal feature number.</attrdef><attrdefs Sync="TRUE">Esri</attrdefs><attrdomv><udom Sync="TRUE">Sequential unique whole numbers that are automatically generated.</udom></attrdomv></attr><attr><attrlabl Sync="TRUE">Shape</attrlabl><attalias Sync="TRUE">Shape</attalias><attrtype Sync="TRUE">Geometry</attrtype><attwidth Sync="TRUE">0</attwidth><atprecis Sync="TRUE">0</atprecis><attscale Sync="TRUE">0</attscale><attrdef Sync="TRUE">Feature geometry.</attrdef><attrdefs Sync="TRUE">Esri</attrdefs><attrdomv><udom Sync="TRUE">Coordinates defining the features.</udom></attrdomv></attr><attr><attrlabl Sync="TRUE">ShapeAr</attrlabl><attalias Sync="TRUE">ShapeAr</attalias><attrtype Sync="TRUE">Double</attrtype><attwidth Sync="TRUE">19</attwidth><atprecis Sync="TRUE">0</atprecis><attscale Sync="TRUE">0</attscale></attr><attr><attrlabl Sync="TRUE">Type</attrlabl><attalias Sync="TRUE">Type</attalias><attrtype Sync="TRUE">String</attrtype><attwidth Sync="TRUE">80</attwidth><atprecis Sync="TRUE">0</atprecis><attscale Sync="TRUE">0</attscale></attr><attr><attrlabl Sync="TRUE">Hoshlds</attrlabl><attalias Sync="TRUE">Hoshlds</attalias><attrtype Sync="TRUE">Integer</attrtype><attwidth Sync="TRUE">10</attwidth><atprecis Sync="TRUE">10</atprecis><attscale Sync="TRUE">0</attscale></attr><attr><attrlabl Sync="TRUE">AP_Cns_</attrlabl><attalias Sync="TRUE">AP_Cns_</attalias><attrtype Sync="TRUE">Integer</attrtype><attwidth Sync="TRUE">10</attwidth><atprecis Sync="TRUE">10</atprecis><attscale Sync="TRUE">0</attscale></attr><attr><attrlabl Sync="TRUE">PR_UID</attrlabl><attalias Sync="TRUE">PR_UID</attalias><attrtype Sync="TRUE">String</attrtype><attwidth Sync="TRUE">80</attwidth><atprecis Sync="TRUE">0</atprecis><attscale Sync="TRUE">0</attscale></attr><attr><attrlabl Sync="TRUE">Dwllngs</attrlabl><attalias Sync="TRUE">Dwllngs</attalias><attrtype Sync="TRUE">Integer</attrtype><attwidth Sync="TRUE">10</attwidth><atprecis Sync="TRUE">10</atprecis><attscale Sync="TRUE">0</attscale></attr><attr><attrlabl Sync="TRUE">GeoUID</attrlabl><attalias Sync="TRUE">GeoUID</attalias><attrtype Sync="TRUE">String</attrtype><attwidth Sync="TRUE">80</attwidth><atprecis Sync="TRUE">0</atprecis><attscale Sync="TRUE">0</attscale></attr><attr><attrlabl Sync="TRUE">Popultn</attrlabl><attalias Sync="TRUE">Popultn</attalias><attrtype Sync="TRUE">Integer</attrtype><attwidth Sync="TRUE">10</attwidth><atprecis Sync="TRUE">10</atprecis><attscale Sync="TRUE">0</attscale></attr><attr><attrlabl Sync="TRUE">CMA_UID</attrlabl><attalias Sync="TRUE">CMA_UID</attalias><attrtype Sync="TRUE">String</attrtype><attwidth Sync="TRUE">80</attwidth><atprecis Sync="TRUE">0</atprecis><attscale Sync="TRUE">0</attscale></attr><attr><attrlabl Sync="TRUE">CSD_UID</attrlabl><attalias Sync="TRUE">CSD_UID</attalias><attrtype Sync="TRUE">String</attrtype><attwidth Sync="TRUE">80</attwidth><atprecis Sync="TRUE">0</atprecis><attscale Sync="TRUE">0</attscale></attr><attr><attrlabl Sync="TRUE">CD_UID</attrlabl><attalias Sync="TRUE">CD_UID</attalias><attrtype Sync="TRUE">String</attrtype><attwidth Sync="TRUE">80</attwidth><atprecis Sync="TRUE">0</atprecis><attscale Sync="TRUE">0</attscale></attr><attr><attrlabl Sync="TRUE">ReginNm</attrlabl><attalias Sync="TRUE">ReginNm</attalias><attrtype Sync="TRUE">String</attrtype><attwidth Sync="TRUE">80</attwidth><atprecis Sync="TRUE">0</atprecis><attscale Sync="TRUE">0</attscale></attr><attr><attrlabl Sync="TRUE">Ar_skm_</attrlabl><attalias Sync="TRUE">Ar_skm_</attalias><attrtype Sync="TRUE">Double</attrtype><attwidth Sync="TRUE">19</attwidth><atprecis Sync="TRUE">0</atprecis><attscale Sync="TRUE">0</attscale></attr><attr><attrlabl Sync="TRUE">Robbery</attrlabl><attalias Sync="TRUE">Robbery</attalias><attrtype Sync="TRUE">Double</attrtype><attwidth Sync="TRUE">19</attwidth><atprecis Sync="TRUE">0</atprecis><attscale Sync="TRUE">0</attscale></attr><attr><attrlabl Sync="TRUE">Auto_Theft</attrlabl><attalias Sync="TRUE">Auto_Theft</attalias><attrtype Sync="TRUE">Double</attrtype><attwidth Sync="TRUE">19</attwidth><atprecis Sync="TRUE">0</atprecis><attscale Sync="TRUE">0</attscale></attr><attr><attrlabl Sync="TRUE">Break_and</attrlabl><attalias Sync="TRUE">Break_and</attalias><attrtype Sync="TRUE">Double</attrtype><attwidth Sync="TRUE">19</attwidth><atprecis Sync="TRUE">0</atprecis><attscale Sync="TRUE">0</attscale></attr><attr><attrlabl Sync="TRUE">Theft_Over</attrlabl><attalias Sync="TRUE">Theft_Over</attalias><attrtype Sync="TRUE">Double</attrtype><attwidth Sync="TRUE">19</attwidth><atprecis Sync="TRUE">0</atprecis><attscale Sync="TRUE">0</attscale></attr><attr><attrlabl Sync="TRUE">Shape_Leng</attrlabl><attalias Sync="TRUE">Shape_Leng</attalias><attrtype Sync="TRUE">Double</attrtype><attwidth Sync="TRUE">19</attwidth><atprecis Sync="TRUE">0</atprecis><attscale Sync="TRUE">0</attscale></attr><attr><attrlabl Sync="TRUE">Shape_Area</attrlabl><attalias Sync="TRUE">Shape_Area</attalias><attrtype Sync="TRUE">Double</attrtype><attwidth Sync="TRUE">19</attwidth><atprecis Sync="TRUE">0</atprecis><attscale Sync="TRUE">0</attscale><attrdef Sync="TRUE">Area of feature in internal units squared.</attrdef><attrdefs Sync="TRUE">Esri</attrdefs><attrdomv><udom Sync="TRUE">Positive real numbers that are automatically generated.</udom></attrdomv></attr><attr><attrlabl Sync="TRUE">Income</attrlabl><attalias Sync="TRUE">Income</attalias><attrtype Sync="TRUE">Integer</attrtype><attwidth Sync="TRUE">10</attwidth><atprecis Sync="TRUE">10</atprecis><attscale Sync="TRUE">0</attscale></attr><attr><attrlabl Sync="TRUE">Population</attrlabl><attalias Sync="TRUE">Population</attalias><attrtype Sync="TRUE">Integer</attrtype><attwidth Sync="TRUE">10</attwidth><atprecis Sync="TRUE">10</atprecis><attscale Sync="TRUE">0</attscale></attr><attr><attrlabl Sync="TRUE">Unemployme</attrlabl><attalias Sync="TRUE">Unemployme</attalias><attrtype Sync="TRUE">Double</attrtype><attwidth Sync="TRUE">19</attwidth><atprecis Sync="TRUE">0</atprecis><attscale Sync="TRUE">0</attscale></attr></detailed></eainfo><mdDateSt Sync="TRUE">20240414</mdDateSt></metadata>
